YPD37,YPD37H,YPDAA,YPD
3.9761904761904763,2.9,3.7291666666666665,3.488372093023256
