YPD37,YPD37H,YPDAA,YPD
3.9,2.25,4.111111111111111,3.7708333333333335
