YPD37,YPD37H,YPDAA,YPD
0.19595959595959833,0.4042676767676756,0.17572951739618237,0.19276094276094335
