YPD37,YPD37H,YPDAA,YPD
0.21017316017316068,0.43328282828282916,0.22264309764309687,0.25967817712003916
