YPD37,YPD37H,YPDAA,YPD
0.1862554112554098,0.32171717171717074,0.21485690235690313,0.24381019497298428
