YPD37,YPD37H,YPDAA,YPD
0.14404040404040153,0.30073232323232424,0.1677890011223364,0.28640572390572316
